City_ID,City,Lat,Lng,Max Temp,Humidity,Cloudiness,Wind Speed,Country,Date
0,Thompson,55.7435,-97.8558,-12.84,64,0,13.8,CA,2022-02-16 22:52:46
1,Bredasdorp,-34.5322,20.0403,58.32,77,96,3.44,ZA,2022-02-16 22:52:46
2,Ossora,59.2353,163.0719,5.04,93,100,7.31,RU,2022-02-16 22:52:46
3,Mwinilunga,-11.7358,24.4293,62.69,99,100,3.78,ZM,2022-02-16 22:52:47
4,Paamiut,61.994,-49.6678,4.86,74,100,18.9,GL,2022-02-16 22:52:47
5,Egvekinot,66.3167,-179.1667,-11.34,89,11,11.83,RU,2022-02-16 22:52:47
6,Worthington,40.0931,-83.018,59.05,57,100,12.66,US,2022-02-16 22:49:05
7,Vaini,-21.2,-175.2,86.16,79,20,6.91,TO,2022-02-16 22:52:48
8,Victoria,22.2855,114.1577,61.25,90,99,15.01,HK,2022-02-16 22:52:48
9,Magaria,12.9983,8.9099,74.14,13,0,8.39,NE,2022-02-16 22:52:49
10,Hermanus,-34.4187,19.2345,62.91,69,0,12.5,ZA,2022-02-16 22:52:49
11,East London,-33.0153,27.9116,68.88,74,55,15.01,ZA,2022-02-16 22:52:50
12,Busselton,-33.65,115.3333,62.04,71,0,12.1,AU,2022-02-16 22:52:50
13,Olafsvik,64.8945,-23.7142,30.94,90,100,13.6,IS,2022-02-16 22:52:51
14,Nyuksenitsa,60.4128,44.2397,29.37,94,100,9.44,RU,2022-02-16 22:52:51
15,Vila Franca Do Campo,37.7167,-25.4333,62.2,88,88,9.95,PT,2022-02-16 22:52:51
16,Clyde River,70.4692,-68.5914,-30.77,68,0,4.61,CA,2022-02-16 22:52:52
17,Sao Borja,-28.6606,-56.0044,83.95,16,0,7.0,BR,2022-02-16 22:52:52
18,Matli,25.0431,68.6557,68.05,46,0,7.58,PK,2022-02-16 22:52:53
19,Puerto Ayora,-0.7393,-90.3518,84.16,72,84,7.72,EC,2022-02-16 22:52:53
20,Albany,42.6001,-73.9662,40.98,57,94,5.01,US,2022-02-16 22:49:59
21,Saint-Philippe,-21.3585,55.7679,78.39,81,45,11.97,RE,2022-02-16 22:52:54
22,Cidreira,-30.1811,-50.2056,73.83,79,0,15.52,BR,2022-02-16 22:52:54
23,Castro,-24.7911,-50.0119,63.21,82,89,4.05,BR,2022-02-16 22:52:54
24,Ushuaia,-54.8,-68.3,53.26,50,100,14.97,AR,2022-02-16 22:51:00
25,Cape Town,-33.9258,18.4232,65.26,63,0,21.85,ZA,2022-02-16 22:49:36
26,New Norfolk,-42.7826,147.0587,67.5,52,81,5.01,AU,2022-02-16 22:52:55
27,Touros,-5.1989,-35.4608,83.3,73,47,9.4,BR,2022-02-16 22:52:55
28,Atkinson,42.8384,-71.147,40.37,69,20,11.5,US,2022-02-16 22:52:56
29,Riyadh,24.6877,46.7219,59.14,22,0,10.02,SA,2022-02-16 22:50:42
30,Gdansk,54.3521,18.6464,48.15,90,75,19.57,PL,2022-02-16 22:49:06
31,Huarmey,-10.0681,-78.1522,73.71,76,91,10.18,PE,2022-02-16 22:52:57
32,Haines Junction,60.7522,-137.5108,33.75,64,100,8.05,CA,2022-02-16 22:52:57
33,Port Hardy,50.6996,-127.4199,48.38,71,20,14.97,CA,2022-02-16 22:52:57
34,Veendam,53.1067,6.8792,52.18,76,100,30.42,NL,2022-02-16 22:52:58
35,Kilindoni,-7.9139,39.6668,80.73,77,30,3.96,TZ,2022-02-16 22:52:58
36,Phenix City,32.471,-85.0008,73.54,44,0,11.5,US,2022-02-16 22:52:59
37,Fortuna,40.5982,-124.1573,59.41,72,40,14.97,US,2022-02-16 22:52:59
38,Outjo,-20.1167,16.15,69.73,75,82,7.31,NA,2022-02-16 22:52:59
39,Pevek,69.7008,170.3133,-28.71,99,100,6.55,RU,2022-02-16 22:53:00
40,Kloulklubed,7.0419,134.2556,81.68,82,100,20.02,PW,2022-02-16 22:53:00
41,Punta Arenas,-53.15,-70.9167,57.31,51,40,31.07,CL,2022-02-16 22:50:56
42,North Las Vegas,36.1989,-115.1175,66.18,17,0,14.97,US,2022-02-16 22:53:01
43,Rikitea,-23.1203,-134.9692,77.83,73,10,13.24,PF,2022-02-16 22:53:01
44,Labuhan,-6.8844,112.2051,76.24,92,86,5.03,ID,2022-02-16 22:54:01
45,Los Llanos De Aridane,28.6585,-17.9182,60.55,76,75,15.01,ES,2022-02-16 22:54:02
46,Banda Aceh,5.5577,95.3222,78.42,79,100,6.42,ID,2022-02-16 22:54:02
47,Paita,-5.0892,-81.1144,79.36,73,92,19.55,PE,2022-02-16 22:54:04
48,Estacion Coahuila,32.1939,-115.0017,74.97,19,0,7.11,MX,2022-02-16 22:54:04
49,Sept-Iles,50.2001,-66.3821,13.05,90,100,24.16,CA,2022-02-16 22:50:13
50,Sulangan,11.1373,123.7228,79.27,73,55,11.25,PH,2022-02-16 22:54:05
51,Palmer,42.1584,-72.3287,40.69,75,100,11.5,US,2022-02-16 22:54:05
52,Tiksi,71.6872,128.8694,-25.08,100,77,0.49,RU,2022-02-16 22:54:06
53,Yellowknife,62.456,-114.3525,-16.71,76,0,2.3,CA,2022-02-16 22:54:06
54,Vanimo,-2.6741,141.3028,78.69,89,100,6.46,PG,2022-02-16 22:54:07
55,Bulolo,-7.2,146.65,79.12,77,96,1.57,PG,2022-02-16 22:54:07
56,Lorengau,-2.0226,147.2712,82.92,69,100,3.51,PG,2022-02-16 22:54:07
57,Teya,60.3778,92.6267,6.13,96,100,4.54,RU,2022-02-16 22:54:08
58,Arraial Do Cabo,-22.9661,-42.0278,76.96,73,75,3.44,BR,2022-02-16 22:54:08
59,Los Alamos,35.8881,-106.307,46.96,45,100,5.01,US,2022-02-16 22:52:01
60,Wajir,1.7471,40.0573,79.29,60,4,15.99,KE,2022-02-16 22:54:09
61,Pangnirtung,66.1451,-65.7125,-31.0,68,20,2.3,CA,2022-02-16 22:54:09
62,Portland,45.5234,-122.6762,53.64,80,75,3.44,US,2022-02-16 22:49:35
63,Olinda,-8.0089,-34.8553,82.13,74,0,8.05,BR,2022-02-16 22:54:10
64,Owando,-0.4819,15.8999,72.45,88,91,4.38,CG,2022-02-16 22:54:10
65,Dongfeng,42.6403,125.5118,1.09,98,98,3.27,CN,2022-02-16 22:54:10
66,Mitsamiouli,-11.3847,43.2844,81.45,73,40,3.58,KM,2022-02-16 22:54:11
67,Drayton Valley,53.2168,-114.9854,10.9,91,100,4.85,CA,2022-02-16 22:54:11
68,Ahuimanu,21.4447,-157.8378,79.79,66,20,4.0,US,2022-02-16 22:54:12
69,Dikson,73.5069,80.5464,-26.0,100,86,2.84,RU,2022-02-16 22:54:12
70,Ayorou,14.7308,0.9174,81.48,10,55,9.78,NE,2022-02-16 22:54:12
71,Birjand,32.8663,59.2211,32.47,51,0,11.5,IR,2022-02-16 22:54:13
72,Kavaratti,10.5669,72.642,79.81,71,14,9.44,IN,2022-02-16 22:54:13
73,Bathsheba,13.2167,-59.5167,77.61,73,75,27.63,BB,2022-02-16 22:54:14
74,Mataura,-46.1927,168.8643,70.48,49,26,3.29,NZ,2022-02-16 22:54:14
75,Souillac,-20.5167,57.5167,79.18,83,40,9.22,MU,2022-02-16 22:54:14
76,Port Alfred,-33.5906,26.891,66.85,77,21,16.4,ZA,2022-02-16 22:54:15
77,Leningradskiy,69.3833,178.4167,-22.88,98,74,5.06,RU,2022-02-16 22:54:15
78,Suruc,36.9761,38.425,43.0,62,5,7.18,TR,2022-02-16 22:54:16
79,Williams Lake,52.1415,-122.1445,40.57,52,20,2.3,CA,2022-02-16 22:50:04
80,Necochea,-38.5473,-58.7368,65.03,71,80,18.79,AR,2022-02-16 22:54:16
81,Sakaiminato,35.55,133.2333,28.38,93,75,12.66,JP,2022-02-16 22:54:17
82,San Carlos De Bariloche,-41.1456,-71.3082,71.35,30,0,20.71,AR,2022-02-16 22:54:17
83,Saskylakh,71.9167,114.0833,-27.09,99,62,7.7,RU,2022-02-16 22:54:17
84,Torbay,47.6666,-52.7314,14.58,69,20,23.02,CA,2022-02-16 22:54:18
85,Broome,42.2506,-75.833,42.84,66,100,11.99,US,2022-02-16 22:54:18
86,Cabangahan,9.0781,122.9469,77.79,80,82,12.21,PH,2022-02-16 22:54:19
87,Anchorage,61.2181,-149.9003,39.67,91,100,8.05,US,2022-02-16 22:51:13
88,Bluff,-46.6,168.3333,70.81,60,18,3.47,NZ,2022-02-16 22:54:19
89,Podsineye,53.6658,91.5364,-9.4,84,81,0.0,RU,2022-02-16 22:54:20
90,Cavalcante,-13.7975,-47.4583,70.59,91,92,0.83,BR,2022-02-16 22:54:20
91,Nokaneng,-19.6667,22.2667,71.04,44,0,6.53,BW,2022-02-16 22:55:21
92,Hilo,19.7297,-155.09,79.11,76,0,5.01,US,2022-02-16 22:55:21
93,Severo-Kurilsk,50.6789,156.125,28.53,90,100,5.86,RU,2022-02-16 22:53:58
94,Lebu,-37.6167,-73.65,60.71,77,0,20.15,CL,2022-02-16 22:55:22
95,Barrow,71.2906,-156.7887,-23.62,99,49,10.07,US,2022-02-16 22:55:22
96,Benguela,-12.5763,13.4055,76.93,83,47,5.17,AO,2022-02-16 22:55:22
97,Zakamensk,50.3741,103.2863,-2.42,93,100,1.79,RU,2022-02-16 22:55:23
98,Vestmannaeyjar,63.4427,-20.2734,30.85,79,100,15.95,IS,2022-02-16 22:55:23
99,Ciudad Bolivar,8.1222,-63.5497,84.25,50,96,16.44,VE,2022-02-16 22:55:24
100,Menongue,-14.6585,17.691,62.65,97,59,4.09,AO,2022-02-16 22:55:24
101,Sinnamary,5.3833,-52.95,76.75,85,92,11.63,GF,2022-02-16 22:55:24
102,Kosa,59.9445,54.9977,25.63,92,100,9.82,RU,2022-02-16 22:55:25
103,Kapaa,22.0752,-159.319,78.12,65,4,5.01,US,2022-02-16 22:55:25
104,Milkovo,54.7167,158.6167,13.87,91,100,8.55,RU,2022-02-16 22:55:25
105,Hithadhoo,-0.6,73.0833,81.95,75,100,17.58,MV,2022-02-16 22:55:26
106,Ambanja,-13.6833,48.45,74.61,94,74,3.09,MG,2022-02-16 22:55:26
107,Ilulissat,69.2167,-51.1,-14.75,96,100,6.08,GL,2022-02-16 22:55:27
108,Iqaluit,63.7506,-68.5145,-23.31,67,100,2.3,CA,2022-02-16 22:55:27
109,Half Moon Bay,37.4636,-122.4286,72.99,51,0,19.57,US,2022-02-16 22:55:28
110,Baruun-Urt,46.6806,113.2792,-3.62,85,100,3.44,MN,2022-02-16 22:55:28
111,Bilibino,68.0546,166.4372,-22.86,100,18,2.59,RU,2022-02-16 22:55:28
112,Fallon,39.4735,-118.7774,48.07,40,40,13.8,US,2022-02-16 22:55:29
113,Atuona,-9.8,-139.0333,77.14,80,17,13.76,PF,2022-02-16 22:55:29
114,Alofi,-19.0595,-169.9187,84.09,74,75,8.05,NU,2022-02-16 22:55:29
115,Norman Wells,65.282,-126.8329,-20.16,63,75,8.05,CA,2022-02-16 22:55:30
116,Ankazoabo,-22.2833,44.5167,73.22,72,46,4.52,MG,2022-02-16 22:55:30
117,Kodiak,57.79,-152.4072,40.78,86,82,2.26,US,2022-02-16 22:55:30
118,Yugawara,35.15,139.0667,37.81,51,26,9.51,JP,2022-02-16 22:55:31
119,Harper,4.375,-7.7169,79.77,88,80,9.57,LR,2022-02-16 22:55:31
120,Sobolevo,54.4299,31.8996,31.05,97,100,17.52,RU,2022-02-16 22:55:32
121,Nanortalik,60.1432,-45.2371,11.48,68,100,26.51,GL,2022-02-16 22:55:32
122,Grindavik,63.8424,-22.4338,32.47,93,100,14.97,IS,2022-02-16 22:55:32
123,Faxinal,-24.0003,-51.3194,60.31,92,85,5.46,BR,2022-02-16 22:55:33
124,Ridgecrest,35.6225,-117.6709,64.65,18,0,5.75,US,2022-02-16 22:54:03
125,Carson City,39.1638,-119.7674,49.93,41,20,17.27,US,2022-02-16 22:55:33
126,Qaanaaq,77.484,-69.3632,-27.69,90,97,4.45,GL,2022-02-16 22:55:33
127,Altamont,42.2068,-121.7372,51.76,50,50,10.49,US,2022-02-16 22:55:34
128,Yar-Sale,66.8333,70.8333,-7.56,100,100,8.81,RU,2022-02-16 22:55:34
129,Longyearbyen,78.2186,15.6401,8.44,72,0,12.66,SJ,2022-02-16 22:55:35
130,Ginir,7.1333,40.7,60.4,45,60,3.58,ET,2022-02-16 22:55:35
131,Tabuk,17.4189,121.4443,69.26,93,100,1.05,PH,2022-02-16 22:55:36
132,Esperance,-33.8667,121.9,64.24,71,78,5.3,AU,2022-02-16 22:55:36
133,Saint-Pierre,-21.3393,55.4781,78.48,69,0,12.66,RE,2022-02-16 22:55:36
134,Butaritari,3.0707,172.7902,81.99,77,43,25.43,KI,2022-02-16 22:55:37
135,Pangai,-19.8,-174.35,84.31,61,20,4.61,TO,2022-02-16 22:52:19
136,Boende,-0.2167,20.8667,72.59,90,100,2.98,CD,2022-02-16 22:55:37
137,Abu Dhabi,24.4667,54.3667,66.31,63,0,5.75,AE,2022-02-16 22:54:37
138,Camacha,33.0833,-16.3333,58.42,63,75,13.8,PT,2022-02-16 22:55:38
139,Kristiinankaupunki,62.2743,21.376,32.63,92,100,13.44,FI,2022-02-16 22:56:38
140,Laguna,38.421,-121.4238,73.49,36,0,4.0,US,2022-02-16 22:56:39
141,Belaya Gora,68.5333,146.4167,-37.35,100,25,1.19,RU,2022-02-16 22:56:39
142,Tasiilaq,65.6145,-37.6368,25.0,91,100,27.2,GL,2022-02-16 22:56:40
143,Tuktoyaktuk,69.4541,-133.0374,-27.4,68,0,6.91,CA,2022-02-16 22:56:40
144,Benjamin Hill,30.1667,-111.1,53.06,42,63,16.28,MX,2022-02-16 22:56:40
145,Pisco,-13.7,-76.2167,71.65,73,78,23.02,PE,2022-02-16 22:54:50
146,Taoudenni,22.6783,-3.9836,66.76,11,100,17.63,ML,2022-02-16 22:56:41
147,Baculin,7.4525,126.5842,78.1,80,97,10.56,PH,2022-02-16 22:56:41
148,Saldanha,-33.0117,17.9442,60.85,79,0,16.91,ZA,2022-02-16 22:56:42
149,Ostrovnoy,68.0531,39.5131,8.22,97,87,6.82,RU,2022-02-16 22:56:42
150,Talnakh,69.4865,88.3972,-22.07,96,68,7.63,RU,2022-02-16 22:56:42
151,Nicoya,10.1483,-85.452,87.35,40,32,13.04,CR,2022-02-16 22:56:43
152,Garmsar,35.2182,52.3409,45.99,47,47,7.27,IR,2022-02-16 22:56:43
153,Dax,43.75,-1.1667,57.97,96,100,8.05,FR,2022-02-16 22:56:43
154,Astana,51.1801,71.446,10.35,85,100,13.42,KZ,2022-02-16 22:56:44
155,Jamestown,42.097,-79.2353,51.44,43,100,18.41,US,2022-02-16 22:54:05
156,Cangucu,-31.395,-52.6756,71.44,71,0,10.33,BR,2022-02-16 22:56:45
157,Manuk Mangkaw,4.8,119.85,81.46,73,10,14.85,PH,2022-02-16 22:56:45
158,Faanui,-16.4833,-151.75,80.71,73,95,13.24,PF,2022-02-16 22:56:45
159,Karangasem,-8.45,115.6167,76.14,83,43,3.65,ID,2022-02-16 22:56:46
160,Muros,42.7762,-9.0603,57.16,89,92,8.63,ES,2022-02-16 22:56:46
161,Maragogi,-9.0122,-35.2225,80.42,73,6,10.65,BR,2022-02-16 22:56:47
162,Neiafu,-18.65,-173.9833,81.28,83,40,2.3,TO,2022-02-16 22:56:47
163,Balvi,57.1313,27.2658,35.74,97,100,17.4,LV,2022-02-16 22:56:47
164,Aklavik,68.2191,-135.0107,-17.57,68,20,3.44,CA,2022-02-16 22:56:48
165,Coihaique,-45.5752,-72.0662,60.75,41,20,9.22,CL,2022-02-16 22:56:48
166,Hambantota,6.1241,81.1185,73.74,77,76,9.13,LK,2022-02-16 22:56:49
167,Kahului,20.8947,-156.47,79.97,73,10,8.99,US,2022-02-16 22:56:49
168,Vila Velha,-20.3297,-40.2925,78.75,86,75,6.91,BR,2022-02-16 22:56:49
169,Tulskiy,44.5094,40.1762,35.89,85,72,2.73,RU,2022-02-16 22:56:50
170,Taywarah,33.35,64.4167,11.84,76,1,4.18,AF,2022-02-16 22:56:50
171,Hobart,-42.8794,147.3294,67.86,46,40,13.8,AU,2022-02-16 22:56:51
172,Mar Del Plata,-38.0023,-57.5575,69.1,74,75,18.41,AR,2022-02-16 22:56:51
173,Avarua,-21.2078,-159.775,77.05,94,100,8.05,CK,2022-02-16 22:56:52
174,Saint George,37.1041,-113.5841,55.99,31,100,14.97,US,2022-02-16 22:52:37
175,Port Elizabeth,-33.918,25.5701,64.69,72,20,17.27,ZA,2022-02-16 22:56:52
176,Amuntai,-2.4177,115.2494,72.81,95,46,1.1,ID,2022-02-16 22:56:52
177,Cadillac,44.2519,-85.4012,43.14,93,100,16.11,US,2022-02-16 22:53:39
178,Alpena,45.0617,-83.4327,44.74,92,100,3.0,US,2022-02-16 22:56:53
179,Marawi,7.9986,124.2928,63.64,91,94,1.9,PH,2022-02-16 22:56:53
180,Del Rio,29.3627,-100.8968,81.23,37,0,19.57,US,2022-02-16 22:54:12
181,Santiago,-33.4569,-70.6483,89.04,29,0,20.71,CL,2022-02-16 22:53:27
182,Malka,43.8039,43.3242,28.54,81,9,2.1,RU,2022-02-16 22:56:54
183,Ponta Do Sol,32.6667,-17.1,61.43,72,10,6.44,PT,2022-02-16 22:56:54
184,Bubaque,11.2833,-15.8333,78.37,75,2,13.98,GW,2022-02-16 22:56:55
185,Tual,-5.6667,132.75,82.06,71,100,4.12,ID,2022-02-16 22:56:55
186,Mangrol,21.1167,70.1167,68.7,56,0,10.38,IN,2022-02-16 22:56:55
187,Kavieng,-2.5744,150.7967,82.11,78,100,6.22,PG,2022-02-16 22:56:56
188,Bolgar,54.95,49.0667,6.71,89,100,6.82,RU,2022-02-16 22:57:56
189,Walvis Bay,-22.9575,14.5053,67.15,82,64,6.91,NA,2022-02-16 22:57:57
190,Hami,42.8,93.45,21.6,41,100,12.8,CN,2022-02-16 22:57:57
191,Ribeira Grande,38.5167,-28.7,62.76,80,95,18.14,PT,2022-02-16 22:57:57
192,Krutinka,56.0055,71.5113,4.35,98,92,8.97,RU,2022-02-16 22:57:58
193,Zaraza,9.3503,-65.3245,79.9,62,91,11.7,VE,2022-02-16 22:57:58
194,Gewane,10.1664,40.6453,77.88,42,10,4.79,ET,2022-02-16 22:57:59
195,Rincon De Romos,22.2333,-102.3,78.13,19,0,23.82,MX,2022-02-16 22:53:05
196,Hovd,48.0056,91.6419,-10.01,65,7,7.83,MN,2022-02-16 22:57:59
197,Belmonte,-15.8631,-38.8828,81.1,83,61,6.96,BR,2022-02-16 22:57:59
198,Verkhnevilyuysk,63.4453,120.3167,-29.76,100,99,1.77,RU,2022-02-16 22:58:00
199,Kamenka,51.3223,42.7678,27.75,92,90,10.76,RU,2022-02-16 22:58:00
200,Port-Cartier,50.0334,-66.8654,12.74,95,100,10.02,CA,2022-02-16 22:58:00
201,Luganville,-15.5333,167.1667,84.85,70,78,4.07,VU,2022-02-16 22:58:01
202,Mount Gambier,-37.8333,140.7667,60.71,88,100,8.05,AU,2022-02-16 22:58:01
203,Mahanoro,-19.9,48.8,75.45,86,28,3.42,MG,2022-02-16 22:58:02
204,Juneau,58.3019,-134.4197,37.85,99,100,8.99,US,2022-02-16 22:58:02
205,Zhezkazgan,47.8043,67.7144,-9.4,100,100,2.35,KZ,2022-02-16 22:58:03
206,Eagle Pass,28.7091,-100.4995,85.51,38,4,12.71,US,2022-02-16 22:58:03
207,Salalah,17.0151,54.0924,68.31,64,0,2.95,OM,2022-02-16 22:58:03
208,Ancud,-41.8697,-73.8203,63.93,63,34,4.29,CL,2022-02-16 22:58:04
209,Jeffersontown,38.1942,-85.5644,63.41,68,100,18.45,US,2022-02-16 22:58:04
210,Georgetown,5.4112,100.3354,76.93,96,40,4.61,MY,2022-02-16 22:53:09
211,Constitucion,-35.3333,-72.4167,66.7,66,1,14.76,CL,2022-02-16 22:58:05
212,Imbituba,-28.24,-48.6703,76.89,81,0,5.99,BR,2022-02-16 22:58:05
213,Coahuayana,18.7333,-103.6833,84.11,49,0,6.24,MX,2022-02-16 22:58:05
214,Flinders,-34.5833,150.8552,79.38,72,100,4.0,AU,2022-02-16 22:58:06
215,Comodoro Rivadavia,-45.8667,-67.5,62.46,45,0,18.41,AR,2022-02-16 22:53:43
216,Bambous Virieux,-20.3428,57.7575,79.05,83,40,9.22,MU,2022-02-16 22:58:06
217,Avera,33.194,-82.5271,69.85,60,76,13.73,US,2022-02-16 22:58:06
218,Acarau,-2.8856,-40.12,78.67,78,60,9.62,BR,2022-02-16 22:58:07
219,Pacific Grove,36.6177,-121.9166,70.57,67,0,8.99,US,2022-02-16 22:58:07
220,Trairi,-3.2778,-39.2689,77.76,81,62,6.49,BR,2022-02-16 22:58:08
221,Kamaishi,39.2667,141.8833,33.35,80,100,9.55,JP,2022-02-16 22:58:08
222,Oranjemund,-28.55,16.4333,63.9,83,35,13.69,NA,2022-02-16 22:58:09
223,Tommot,58.9564,126.2925,-33.65,100,64,1.16,RU,2022-02-16 22:58:09
224,Sitka,57.0531,-135.33,44.49,81,100,9.22,US,2022-02-16 22:58:09
225,Alencon,48.4333,0.0833,54.39,93,100,17.63,FR,2022-02-16 22:58:10
226,Erenhot,43.6475,111.9767,2.8,86,100,3.94,CN,2022-02-16 22:58:10
227,Santa Fe,-31.6333,-60.7,93.99,29,0,4.0,AR,2022-02-16 22:58:11
228,Port Blair,11.6667,92.75,75.24,94,75,1.14,IN,2022-02-16 22:58:11
229,Ugoofaaru,5.6667,73.0,80.73,69,2,6.58,MV,2022-02-16 22:58:11
230,Suarez,2.954,-76.6964,70.25,95,93,4.41,CO,2022-02-16 22:58:12
231,Bayir,37.2687,28.2167,36.12,63,88,2.77,TR,2022-02-16 22:58:12
232,Omboue,-1.5746,9.2618,78.62,85,89,4.99,GA,2022-02-16 22:58:12
233,Khatanga,71.9667,102.5,-18.27,89,24,9.31,RU,2022-02-16 22:58:13
234,Sorong,-0.8833,131.25,78.55,85,100,8.12,ID,2022-02-16 22:57:12
235,Melfi,40.9965,15.6514,43.48,89,60,3.76,IT,2022-02-16 22:58:13
236,Spornoye,50.8448,37.2913,33.82,98,100,13.76,RU,2022-02-16 22:59:14
237,Henderson,36.0397,-114.9819,66.22,23,0,16.11,US,2022-02-16 22:55:02
238,Cabo San Lucas,22.8909,-109.9124,82.62,54,46,10.0,MX,2022-02-16 22:58:54
239,Geraldton,-28.7667,114.6,81.01,32,72,9.22,AU,2022-02-16 22:59:14
240,Upernavik,72.7868,-56.1549,-26.63,96,88,5.84,GL,2022-02-16 22:59:15
241,Ulladulla,-35.35,150.4667,83.88,43,100,7.25,AU,2022-02-16 22:59:15
242,Shingu,33.7333,135.9833,34.92,57,16,12.57,JP,2022-02-16 22:59:16
243,Faya,18.3851,42.4509,55.92,84,16,2.62,SA,2022-02-16 22:59:16
244,Lompoc,34.6391,-120.4579,69.69,50,0,8.01,US,2022-02-16 22:59:16
245,Praya,14.9215,-23.5087,72.14,73,0,19.57,CV,2022-02-16 22:59:17
246,Tahta,26.7693,31.5021,59.32,44,41,7.27,EG,2022-02-16 22:59:17
247,Ngunguru,-35.6167,174.5,74.16,66,88,5.32,NZ,2022-02-16 22:59:18
248,Sao Joao Da Barra,-21.6403,-41.0511,74.3,86,21,7.87,BR,2022-02-16 22:59:18
249,Mahebourg,-20.4081,57.7,79.09,83,40,9.22,MU,2022-02-16 22:59:18
250,Airai,-8.9266,125.4092,63.91,80,23,1.41,TL,2022-02-16 22:59:19
251,Waingapu,-9.6567,120.2641,79.29,81,18,3.8,ID,2022-02-16 22:59:19
252,Sandviken,60.6167,16.7667,32.58,95,55,0.85,SE,2022-02-16 22:59:19
253,Itarema,-2.9248,-39.9167,78.15,80,55,8.5,BR,2022-02-16 22:59:20
254,Carnarvon,-24.8667,113.6333,86.07,74,21,6.91,AU,2022-02-16 22:59:20
255,Kroya,-7.6331,109.2461,72.19,89,100,2.64,ID,2022-02-16 22:59:21
256,Beringovskiy,63.05,179.3167,-11.22,93,100,14.76,RU,2022-02-16 22:59:21
257,Samarai,-10.6167,150.6667,81.05,79,100,7.36,PG,2022-02-16 22:59:22
258,Udachnyy,66.4167,112.4,-40.22,100,58,3.98,RU,2022-02-16 22:59:22
259,Koumac,-20.5667,164.2833,84.78,68,10,0.83,NC,2022-02-16 22:59:22
260,Sao Filipe,14.8961,-24.4956,73.53,67,100,12.93,CV,2022-02-16 22:59:23
261,Basqal,40.7552,48.391,25.32,99,100,3.04,AZ,2022-02-16 22:59:24
262,Salta,-24.7859,-65.4117,84.79,51,75,4.61,AR,2022-02-16 22:59:24
263,College,64.8569,-147.8028,8.55,80,100,8.05,US,2022-02-16 22:59:24
264,Berezovyy,51.6667,135.7,-2.81,91,71,4.63,RU,2022-02-16 22:59:25
265,Cherskiy,68.75,161.3,-36.13,100,99,4.21,RU,2022-02-16 22:59:25
266,Schattdorf,46.8655,8.6547,47.48,97,100,5.73,CH,2022-02-16 22:59:25
267,Buluang,13.3068,123.3425,73.71,89,94,2.42,PH,2022-02-16 22:59:26
268,Killam,52.7834,-111.8518,11.79,78,100,8.05,CA,2022-02-16 22:55:26
269,Vostok,46.4856,135.8833,-3.03,99,100,1.88,RU,2022-02-16 22:59:26
270,Alyangula,-13.8483,136.4192,75.07,100,77,0.0,AU,2022-02-16 22:59:27
271,Chigasaki,35.3261,139.4039,41.18,38,67,11.52,JP,2022-02-16 22:59:27
272,Sale,34.0389,-6.8166,51.75,100,6,0.0,MA,2022-02-16 22:59:27
273,Chokurdakh,70.6333,147.9167,-33.75,100,14,2.26,RU,2022-02-16 22:59:28
274,Beterou,9.1992,2.2586,83.14,24,63,3.42,BJ,2022-02-16 22:59:28
275,Ayia Galini,35.1,24.6833,54.99,85,87,2.17,GR,2022-02-16 22:59:29
276,Sabang,5.8933,95.3214,81.54,76,100,4.83,ID,2022-02-16 22:59:29
277,Sawakin,19.1059,37.3321,69.71,68,2,8.99,SD,2022-02-16 22:59:29
278,Narsaq,60.9167,-46.05,-4.63,84,100,6.11,GL,2022-02-16 22:59:30
279,Saint-Francois,46.4154,3.9054,54.84,76,100,10.36,FR,2022-02-16 22:59:30
280,Lincoln,40.8,-96.667,39.58,48,100,8.99,US,2022-02-16 22:59:00
281,Tessalit,20.1986,1.0114,66.11,19,29,11.12,ML,2022-02-16 22:59:31
282,Bayevo,53.2833,80.7667,-1.93,98,100,7.16,RU,2022-02-16 23:00:32
283,Poum,-20.2333,164.0167,83.1,73,41,12.73,NC,2022-02-16 23:00:34
284,Amahai,-3.3333,128.9167,79.27,81,90,2.37,ID,2022-02-16 23:00:35
285,Tanah Merah,5.8,102.15,74.12,99,97,1.03,MY,2022-02-16 23:00:35
286,Fairbanks,64.8378,-147.7164,8.56,82,100,8.05,US,2022-02-16 23:00:37
287,Lagoa,39.05,-27.9833,61.56,80,46,19.66,PT,2022-02-16 23:00:38
288,Rocha,-34.4833,-54.3333,70.52,80,0,7.54,UY,2022-02-16 23:00:39
289,Alugan,12.2188,125.4808,78.15,79,69,11.23,PH,2022-02-16 23:00:40
290,Cockburn Town,21.4612,-71.1419,76.96,73,40,17.27,TC,2022-02-16 22:59:29
291,Nioro,13.35,-15.75,81.03,12,56,9.53,GM,2022-02-16 23:00:40
292,Hasaki,35.7333,140.8333,36.28,52,99,19.37,JP,2022-02-16 23:00:41
293,Rio Gallegos,-51.6226,-69.2181,60.84,39,87,20.76,AR,2022-02-16 23:00:41
294,Qaqortoq,60.7167,-46.0333,0.1,82,99,5.26,GL,2022-02-16 23:00:42
295,Virginia Beach,36.8529,-75.978,59.22,79,44,10.29,US,2022-02-16 23:00:42
296,Sorkjosen,69.8,20.9333,20.03,83,100,13.2,NO,2022-02-16 23:00:43
297,Kuloy,61.0305,42.4925,31.55,93,100,8.66,RU,2022-02-16 23:00:44
298,Giyani,-23.3025,30.7187,70.11,81,0,2.73,ZA,2022-02-16 23:00:44
299,Morehead,37.2711,-87.1764,65.95,45,40,16.11,US,2022-02-16 23:00:45
300,Bilara,26.1792,73.7056,60.13,29,2,2.55,IN,2022-02-16 23:00:46
301,Ambon,-3.6954,128.1814,77.14,94,40,8.05,ID,2022-02-16 23:00:46
302,Port-Gentil,-0.7193,8.7815,80.02,81,50,7.9,GA,2022-02-16 23:00:46
303,Batemans Bay,-35.7167,150.1833,80.2,40,100,4.76,AU,2022-02-16 23:00:47
304,Tilichiki,60.4667,166.1,-9.44,84,100,11.45,RU,2022-02-16 23:00:48
305,Isangel,-19.55,169.2667,85.01,70,28,2.55,VU,2022-02-16 23:00:48
306,Kaitangata,-46.2817,169.8464,62.92,60,12,4.27,NZ,2022-02-16 23:00:49
307,Juanjui,-7.1779,-76.7314,73.0,96,100,0.72,PE,2022-02-16 22:59:17
308,Bengkulu,-3.8004,102.2655,74.5,89,100,5.53,ID,2022-02-16 23:00:49
309,Villa Juarez,24.6536,-107.5411,81.72,65,75,12.93,MX,2022-02-16 22:58:00
310,Aubenas,44.6201,4.3899,48.47,85,100,3.91,FR,2022-02-16 23:00:50
311,Merauke,-8.4667,140.3333,76.87,91,100,9.13,ID,2022-02-16 23:00:51
312,Nelson Bay,-32.7167,152.15,80.29,71,99,1.99,AU,2022-02-16 23:00:51
313,Christchurch,-43.5333,172.6333,72.03,69,75,13.8,NZ,2022-02-16 22:57:56
314,Coracora,-15.0333,-73.7833,51.93,85,99,6.78,PE,2022-02-16 23:00:52
315,Barcelos,41.5388,-8.6151,55.92,98,100,3.38,PT,2022-02-16 23:00:15
316,Cap Malheureux,-19.9842,57.6142,79.29,79,96,4.0,MU,2022-02-16 23:00:53
317,Canjulao,9.6605,124.3532,76.17,80,52,11.45,PH,2022-02-16 23:00:53
318,Ipueiras,-7.0333,-40.45,73.08,71,71,2.62,BR,2022-02-16 23:00:54
319,Tuatapere,-46.1333,167.6833,70.83,40,2,3.67,NZ,2022-02-16 23:00:54
320,Zhanakorgan,43.9098,67.2495,26.78,56,0,5.32,KZ,2022-02-16 23:00:55
321,Emerald,-23.5333,148.1667,79.34,63,21,8.43,AU,2022-02-16 23:00:55
322,Nikolskoye,59.7035,30.7861,35.87,98,100,13.18,RU,2022-02-16 23:00:56
323,Hearst,49.6835,-83.6665,21.99,87,100,10.09,CA,2022-02-16 23:00:56
324,Sumbe,-11.2061,13.8437,75.99,87,63,5.59,AO,2022-02-16 23:00:56
325,Naifaru,5.4444,73.3657,80.78,69,9,7.25,MV,2022-02-16 23:00:57
326,Verkhnyaya Inta,65.9811,60.3094,18.82,95,100,11.1,RU,2022-02-16 23:01:57
327,Ambilobe,-13.2,49.05,73.29,96,28,2.33,MG,2022-02-16 23:01:58
328,Prince Rupert,54.3161,-130.3201,41.09,100,100,6.91,CA,2022-02-16 23:01:58
329,Talara,-4.5772,-81.2719,73.78,77,66,14.97,PE,2022-02-16 23:01:58
330,Itaituba,-4.2761,-55.9836,71.64,99,100,2.8,BR,2022-02-16 23:01:59
331,Bethel,41.3712,-73.414,41.58,84,100,1.99,US,2022-02-16 23:01:59
332,Kishi,9.0833,3.85,82.96,23,11,3.0,NG,2022-02-16 23:01:59
333,Provideniya,64.3833,-173.3,5.36,61,0,22.37,RU,2022-02-16 23:02:00
334,Marsabit,2.3284,37.9899,71.82,41,3,6.46,KE,2022-02-16 23:02:00
335,Ilheus,-14.7889,-39.0494,76.68,82,98,4.29,BR,2022-02-16 23:02:00
336,Podgorica,42.4411,19.2636,47.52,82,44,6.67,ME,2022-02-16 23:02:01
337,Bazarnyye Mataki,54.8833,49.9333,18.14,89,100,7.4,RU,2022-02-16 23:02:01
338,Ust-Kan,50.9276,84.761,-15.92,97,79,4.59,RU,2022-02-16 23:02:02
339,Porbandar,21.6422,69.6093,69.06,66,0,9.89,IN,2022-02-16 23:02:02
340,Praia,14.9215,-23.5087,72.14,73,0,19.57,CV,2022-02-16 23:02:02
341,Mont-De-Marsan,44.0,-0.6667,57.78,100,75,9.22,FR,2022-02-16 23:02:03
342,Hervey Bay,-25.2986,152.8535,81.03,75,12,11.99,AU,2022-02-16 23:02:03
343,Aykhal,66.0,111.5,-32.21,100,98,5.21,RU,2022-02-16 23:02:04
344,Katangli,51.7102,143.2326,12.76,94,100,14.88,RU,2022-02-16 23:02:04
345,Katsuura,35.1333,140.3,40.19,49,42,16.89,JP,2022-02-16 23:02:05
346,Falmouth,50.1544,-5.0711,52.7,80,99,27.13,GB,2022-02-16 23:02:05
347,Pimenta Bueno,-11.6725,-61.1936,75.09,97,64,2.89,BR,2022-02-16 22:58:29
348,Lata,40.1629,-8.3327,56.8,96,93,1.7,PT,2022-02-16 23:02:06
349,Marzuq,14.4,46.4667,59.72,34,8,1.95,YE,2022-02-16 23:02:07
350,Kodinsk,58.6881,99.1844,-19.84,100,100,2.68,RU,2022-02-16 23:02:07
351,Hamilton,39.1834,-84.5333,63.23,52,100,3.0,US,2022-02-16 23:00:00
352,Wufeng,27.45,104.8333,37.83,93,98,3.85,CN,2022-02-16 23:02:08
353,Pouembout,-21.1333,164.9,85.8,67,8,3.96,NC,2022-02-16 23:02:08
354,Bendigo,-36.7667,144.2833,65.64,61,43,5.99,AU,2022-02-16 22:59:28
355,Guaruja,-23.9931,-46.2564,81.16,26,85,9.24,BR,2022-02-16 23:02:09
356,Lac Du Bonnet,50.2536,-96.0612,-1.14,92,100,10.92,CA,2022-02-16 23:02:09
357,Dongsheng,39.8161,109.9776,21.88,75,100,12.24,CN,2022-02-16 23:02:10
358,Northam,51.0333,-4.2167,51.91,80,65,30.87,GB,2022-02-16 23:02:10
359,Nueva Germania,-23.9,-56.5667,91.13,28,39,4.09,PY,2022-02-16 23:02:11
360,Saint-Joseph,-21.3667,55.6167,77.38,79,27,12.57,RE,2022-02-16 23:02:11
361,Athlone,53.4333,-7.95,45.77,78,60,17.09,IE,2022-02-16 23:02:12
362,Beyneu,45.3167,55.2,33.98,51,0,8.19,KZ,2022-02-16 23:02:12
363,Krasnorechenskiy,44.6265,135.3532,8.17,93,100,4.85,RU,2022-02-16 23:02:13
364,Saint-Leu,-21.15,55.2833,77.86,78,32,11.43,RE,2022-02-16 23:02:13
365,Klaksvik,62.2266,-6.589,34.72,61,100,17.27,FO,2022-02-16 23:02:14
366,Atambua,-9.1061,124.8925,75.49,80,4,2.46,ID,2022-02-16 23:02:14
367,Hofn,64.2539,-15.2082,30.54,70,100,16.11,IS,2022-02-16 23:02:14
368,Okhotsk,59.3833,143.3,-3.05,77,56,13.0,RU,2022-02-16 23:02:15
369,Yulara,-25.2406,130.9889,79.92,45,23,16.2,AU,2022-02-16 23:02:15
370,Kalmunai,7.4167,81.8167,72.27,80,96,7.38,LK,2022-02-16 23:02:16
371,Asfi,32.2994,-9.2372,53.85,74,0,17.6,MA,2022-02-16 23:02:16
372,Naze,28.3667,129.4833,51.96,60,91,15.5,JP,2022-02-16 23:02:17
373,Krasnodar,45.0,40.0,31.42,81,79,7.09,RU,2022-02-16 23:02:17
374,Brusyanskiy,53.9923,38.0937,29.82,94,100,14.23,RU,2022-02-16 23:03:17
375,Estevan,49.1334,-102.9842,3.54,84,69,11.95,CA,2022-02-16 23:03:18
376,Grand Gaube,-20.0064,57.6608,79.2,79,97,4.0,MU,2022-02-16 23:03:18
377,Guerrero Negro,27.9769,-114.0611,61.79,51,0,20.18,MX,2022-02-16 23:01:49
378,Kade,52.3833,12.2667,56.98,81,99,26.4,DE,2022-02-16 23:03:19
379,Kathu,7.9178,98.3332,85.69,83,100,8.77,TH,2022-02-16 23:03:19
380,Karachi,24.9056,67.0822,60.62,77,0,3.44,PK,2022-02-16 22:59:21
381,Wrexham,53.0,-3.0,48.99,72,26,25.61,GB,2022-02-16 23:03:20
382,Machilipatnam,16.1667,81.1333,71.92,73,11,5.48,IN,2022-02-16 23:03:20
383,Chiang Klang,19.2938,100.8617,66.83,96,91,1.01,TH,2022-02-16 23:03:20
384,Nargana,9.4428,-78.5906,79.2,81,99,14.81,PA,2022-02-16 23:03:21
385,Boa Vista,2.8197,-60.6733,85.14,51,94,7.4,BR,2022-02-16 23:01:05
386,Wattegama,6.7989,81.4808,66.69,86,100,3.22,LK,2022-02-16 23:03:21
387,La Tuque,47.4334,-72.7824,30.56,90,100,16.55,CA,2022-02-16 23:03:22
388,Wanning,18.8003,110.3967,72.05,90,100,10.25,CN,2022-02-16 23:03:22
389,Chuy,-33.6971,-53.4616,70.79,85,0,9.19,UY,2022-02-16 23:03:22
390,Saint Anthony,45.0205,-93.218,25.11,61,0,17.27,US,2022-02-16 23:03:23
391,San Patricio,28.017,-97.5169,80.06,73,79,22.91,US,2022-02-16 23:03:23
392,Arlit,18.7369,7.3853,75.02,10,36,10.74,NE,2022-02-16 23:03:24
393,Chumphon,10.3333,98.8333,70.02,98,100,2.37,TH,2022-02-16 23:03:24
394,Sirjan,29.452,55.6814,44.35,60,1,5.08,IR,2022-02-16 23:03:24
395,Andenes,69.3143,16.1194,26.58,68,98,26.46,NO,2022-02-16 23:03:25
396,Balkanabat,39.5108,54.3671,40.78,41,1,8.95,TM,2022-02-16 23:03:25
397,Kruisfontein,-34.0033,24.7314,61.88,83,38,8.75,ZA,2022-02-16 23:03:25
398,Bandarbeyla,9.4942,50.8122,73.42,62,15,13.94,SO,2022-02-16 23:03:26
399,Inirida,3.8653,-67.9239,77.4,81,100,0.69,CO,2022-02-16 23:03:26
400,Ponta Delgada,37.7333,-25.6667,62.51,77,75,10.36,PT,2022-02-16 23:03:26
401,Puerto Baquerizo Moreno,-0.9,-89.6,79.79,83,75,16.11,EC,2022-02-16 23:03:27
402,Mantua,45.1667,10.7833,44.71,79,77,5.57,IT,2022-02-16 23:03:27
403,Mandalgovi,45.7625,106.2708,5.81,69,100,11.99,MN,2022-02-16 23:03:27
404,Darab,28.7519,54.5444,50.04,57,0,1.59,IR,2022-02-16 23:03:28
405,Margate,51.3813,1.3862,55.26,79,95,7.0,GB,2022-02-16 22:58:46
406,Diapaga,12.0708,1.7889,82.96,12,2,4.45,BF,2022-02-16 23:03:28
407,Ghanzi,-21.5667,21.7833,68.61,43,1,4.97,BW,2022-02-16 23:03:29
408,Lasa,46.6166,10.7002,33.3,86,74,5.68,IT,2022-02-16 23:03:29
409,Adrar,20.5022,-10.0711,63.46,21,39,16.6,MR,2022-02-16 23:03:29
410,Kendari,-3.945,122.4989,75.07,91,100,2.75,ID,2022-02-16 23:03:30
411,Livingston,55.9029,-3.5226,43.25,83,75,18.41,GB,2022-02-16 23:00:41
412,Gladstone,-23.85,151.25,80.53,65,75,9.22,AU,2022-02-16 23:03:30
413,Atbasar,51.8,68.3333,9.34,96,99,10.71,KZ,2022-02-16 23:03:30
414,Gushikawa,26.3544,127.8686,54.63,89,100,11.5,JP,2022-02-16 23:03:31
415,Kajaani,64.2273,27.7285,32.05,93,100,11.5,FI,2022-02-16 23:03:31
416,Kauhajoki,62.4333,22.1833,32.41,88,100,9.75,FI,2022-02-16 23:03:31
417,Onokhoy,51.932,108.0747,-5.3,96,100,3.67,RU,2022-02-16 23:03:32
418,Luang Prabang,19.8856,102.1347,65.55,98,93,1.5,LA,2022-02-16 23:03:32
419,Celestun,20.8667,-90.4,78.58,73,85,5.93,MX,2022-02-16 23:03:32
420,Poya,-21.35,165.15,85.1,69,12,3.31,NC,2022-02-16 23:04:33
421,Luangwa,-15.6167,30.4167,71.31,97,76,1.63,ZM,2022-02-16 23:04:33
422,Sarreguemines,49.0833,7.3333,55.24,88,100,8.01,FR,2022-02-16 23:04:34
423,Lethem,3.3803,-59.7968,81.07,64,74,13.02,GY,2022-02-16 23:04:34
424,Urumqi,43.801,87.6005,13.15,86,75,2.24,CN,2022-02-16 23:00:07
425,Namatanai,-3.6667,152.4333,82.72,75,96,4.16,PG,2022-02-16 23:04:34
426,Axim,4.8699,-2.2405,79.43,86,84,5.19,GH,2022-02-16 23:04:35
427,Baker City,44.7749,-117.8344,40.59,73,100,9.22,US,2022-02-16 23:04:35
428,Vao,-22.6667,167.4833,79.16,82,75,16.11,NC,2022-02-16 23:04:36
429,Sao Felix Do Xingu,-6.6447,-51.995,70.61,99,100,2.01,BR,2022-02-16 23:04:36
430,Sibolga,1.7427,98.7792,76.19,85,100,3.22,ID,2022-02-16 23:04:36
431,Poronaysk,49.2167,143.1167,4.55,89,25,5.08,RU,2022-02-16 23:04:37
432,Igarka,67.4667,86.5833,-10.8,98,94,8.01,RU,2022-02-16 23:04:37
433,Kuching,1.55,110.3333,73.62,100,20,0.0,MY,2022-02-16 23:04:38
434,Takoradi,4.8845,-1.7554,79.86,87,75,6.33,GH,2022-02-16 23:04:38
435,Seoul,37.5683,126.9778,15.24,47,0,8.21,KR,2022-02-16 23:01:30
436,Kovdor,67.5662,30.4758,6.12,100,100,3.04,RU,2022-02-16 23:04:38
437,Nuqui,5.7125,-77.2708,79.65,84,94,5.7,CO,2022-02-16 23:04:39
438,La Palma,33.8464,-118.0467,69.49,53,0,11.5,US,2022-02-16 23:04:39
439,Warrington,53.3925,-2.5802,49.91,75,40,35.68,GB,2022-02-16 23:02:29
440,Ous,60.9058,61.5186,24.82,86,100,9.57,RU,2022-02-16 23:04:40
441,Sinaloa,25.0,-107.5,80.11,52,33,7.0,MX,2022-02-16 23:04:40
442,Holme,56.1138,10.1725,45.97,85,100,13.22,DK,2022-02-16 23:04:40
443,Kumi,36.1136,128.336,17.15,52,20,10.71,KR,2022-02-16 23:04:41
444,Solnechnyy,50.7214,136.6319,1.17,94,92,4.38,RU,2022-02-16 23:04:41
445,Ibra,22.6906,58.5334,62.55,60,6,1.43,OM,2022-02-16 23:04:42
446,Mayor Pablo Lagerenza,-19.9309,-60.7718,90.25,40,92,4.76,PY,2022-02-16 23:04:42
447,Pacasmayo,-7.4006,-79.5714,73.76,73,97,16.11,PE,2022-02-16 23:04:43
448,Carutapera,-1.195,-46.02,76.21,89,71,4.9,BR,2022-02-16 23:04:43
449,Woodward,36.4337,-99.3904,63.63,25,0,13.8,US,2022-02-16 23:01:26
450,Xai-Xai,-25.0519,33.6442,75.06,91,1,5.3,MZ,2022-02-16 23:04:43
451,Brattleboro,42.8509,-72.5579,40.66,65,100,15.01,US,2022-02-16 23:01:04
452,Bonfim,3.0833,-59.95,83.52,56,93,11.79,BR,2022-02-16 23:04:44
453,Macon,39.8667,-88.9668,55.87,86,100,20.31,US,2022-02-16 23:00:17
454,Biak,-0.9131,122.8766,76.95,80,100,2.46,ID,2022-02-16 23:04:44
455,Vardo,70.3705,31.1107,23.2,63,100,10.25,NO,2022-02-16 23:04:45
456,Sur,22.5667,59.5289,69.87,56,0,9.64,OM,2022-02-16 23:04:45
457,Wonthaggi,-38.6044,145.5913,67.82,64,72,11.92,AU,2022-02-16 23:04:29
458,Quatre Cocos,-20.2078,57.7625,78.91,84,96,15.35,MU,2022-02-16 23:04:45
459,Dauphin,51.1494,-100.0502,-1.3,87,100,7.83,CA,2022-02-16 23:03:29
460,Martaban,16.5314,97.6111,75.18,75,86,2.71,MM,2022-02-16 23:04:46
461,Bambanglipuro,-7.95,110.2833,57.6,93,100,1.43,ID,2022-02-16 23:04:46
462,Dingle,10.9995,122.6711,75.31,87,94,8.55,PH,2022-02-16 23:04:47
463,Beidao,34.5686,105.8933,32.56,94,100,2.04,CN,2022-02-16 23:04:47
464,Grants,35.1473,-107.8514,44.83,39,40,14.97,US,2022-02-16 23:04:48
465,Waipawa,-41.4122,175.5153,65.93,64,22,3.13,NZ,2022-02-16 23:04:48
466,Liuzhou,24.3126,109.3892,52.25,95,100,4.52,CN,2022-02-16 23:04:48
467,Suntar,62.1444,117.6319,-34.24,100,79,1.25,RU,2022-02-16 23:05:49
468,Belyy Yar,53.6039,91.3903,-9.51,84,92,0.0,RU,2022-02-16 23:05:49
469,La Baule-Escoublac,47.2922,-2.364,54.81,98,100,20.71,FR,2022-02-16 23:05:49
470,Pankrushikha,53.8319,80.3406,-3.98,100,99,8.37,RU,2022-02-16 23:05:50
471,Sarana,56.4773,57.7259,19.58,88,100,11.74,RU,2022-02-16 23:05:51
472,Brae,60.3964,-1.353,35.51,88,100,9.51,GB,2022-02-16 23:05:51
473,Acapulco,16.8634,-99.8901,84.02,74,0,12.66,MX,2022-02-16 23:05:51
474,Katobu,-4.9408,122.5276,75.99,92,18,0.87,ID,2022-02-16 23:05:52
475,Kencong,-8.2833,113.3667,74.95,88,93,2.46,ID,2022-02-16 23:05:52
476,Burnie,-41.0667,145.9167,65.95,60,57,12.82,AU,2022-02-16 23:05:53
477,Roebourne,-20.7833,117.1333,87.24,63,51,6.46,AU,2022-02-16 23:05:53
478,Linxia,35.6003,103.2064,19.92,88,85,3.62,CN,2022-02-16 23:05:53
479,Meulaboh,4.1363,96.1285,75.6,89,100,5.01,ID,2022-02-16 23:05:54
480,Tocopilla,-22.092,-70.1979,69.64,80,17,8.1,CL,2022-02-16 23:05:54
481,Praia Da Vitoria,38.7333,-27.0667,61.75,94,42,14.45,PT,2022-02-16 23:05:54
482,Matara,5.9485,80.5353,75.92,83,75,3.83,LK,2022-02-16 23:05:55
483,Boulder,40.0833,-105.3505,27.14,88,100,3.44,US,2022-02-16 23:05:00
484,Scottsbluff,41.8666,-103.6672,26.83,82,100,13.8,US,2022-02-16 23:01:08
485,Fort Nelson,58.8053,-122.7002,2.79,72,100,6.91,CA,2022-02-16 23:05:55
486,Springbok,-29.6643,17.8865,73.74,40,0,3.96,ZA,2022-02-16 23:05:55
487,Zlitan,32.4674,14.5687,54.55,64,19,16.58,LY,2022-02-16 23:05:56
488,Sehithwa,-20.4667,22.7167,71.42,40,1,5.79,BW,2022-02-16 23:05:56
489,Itoman,26.1247,127.6694,55.42,86,75,13.8,JP,2022-02-16 23:05:56
490,Barreirinhas,-2.7469,-42.8264,77.47,83,83,5.88,BR,2022-02-16 23:01:03
491,Abong Mbang,3.9833,13.1833,67.5,73,100,3.2,CM,2022-02-16 23:05:57
492,Orsha,54.5153,30.4053,32.68,95,100,20.78,BY,2022-02-16 23:05:57
493,Pareora,-44.4871,171.2132,65.17,73,49,11.25,NZ,2022-02-16 23:05:58
494,Pabrade,55.0,25.7833,39.63,96,100,18.72,LT,2022-02-16 23:05:58
495,Greece,43.2098,-77.6931,49.91,53,75,20.71,US,2022-02-16 23:04:57
496,Garissa,-0.4536,39.6401,77.5,71,10,12.59,KE,2022-02-16 23:05:58
497,Saraland,30.8207,-88.0706,69.06,70,95,11.63,US,2022-02-16 23:05:59
498,Semey,50.4111,80.2275,-7.31,94,12,6.53,KZ,2022-02-16 23:05:59
499,Urgut,39.4022,67.2431,26.22,67,6,3.09,UZ,2022-02-16 23:06:00
500,Kaili,-3.4626,120.2147,67.03,95,100,2.42,ID,2022-02-16 23:06:01
501,Chernyshkovskiy,48.4219,42.2308,36.52,96,100,8.16,RU,2022-02-16 23:06:01
502,Sarkand,45.41,79.9186,1.78,62,3,8.16,KZ,2022-02-16 23:06:01
503,Plettenberg Bay,-34.0527,23.3716,62.01,80,63,5.12,ZA,2022-02-16 23:06:02
504,Boueni,-12.9025,45.0761,80.58,76,31,4.38,YT,2022-02-16 23:06:02
505,Lumberton,34.6182,-79.0086,62.6,62,78,8.68,US,2022-02-16 23:06:02
506,Tambopata,-12.7333,-69.1833,74.71,91,92,1.1,PE,2022-02-16 23:06:03
507,Beberibe,-4.1797,-38.1306,82.44,80,51,8.43,BR,2022-02-16 23:06:03
508,Palembang,-2.9167,104.7458,75.29,94,40,8.05,ID,2022-02-16 23:06:03
509,Pundaguitan,6.3711,126.1689,79.34,78,67,8.01,PH,2022-02-16 23:07:04
510,Yatou,37.15,122.3833,22.23,55,47,16.02,CN,2022-02-16 23:07:04
511,Madison,34.7334,-86.5667,67.8,48,20,12.66,US,2022-02-16 23:07:05
512,Nioki,-2.7167,17.6833,72.36,93,100,1.97,CD,2022-02-16 23:07:06
513,Lewisporte,49.2499,-55.0482,7.56,75,38,6.85,CA,2022-02-16 23:07:06
514,Coro,11.4045,-69.6734,77.88,78,95,19.48,VE,2022-02-16 23:07:06
515,Sandata,46.2708,41.7583,34.56,86,75,6.31,RU,2022-02-16 23:07:07
516,Raudeberg,61.9875,5.1352,35.2,91,100,0.67,NO,2022-02-16 23:07:07
517,Labis,2.385,103.021,73.63,95,95,1.5,MY,2022-02-16 23:07:08
518,Port Hedland,-20.3167,118.5667,82.45,94,40,0.0,AU,2022-02-16 23:07:08
519,Belfast,54.5833,-5.9333,44.42,76,40,18.41,GB,2022-02-16 23:07:08
520,Atar,20.5169,-13.0499,66.2,17,4,11.12,MR,2022-02-16 23:07:09
521,Lopez,13.8844,122.2642,73.71,91,86,4.41,PH,2022-02-16 23:07:09
522,Tavrichanka,43.3378,131.8639,10.26,70,94,20.38,RU,2022-02-16 23:07:10
523,Panaba,21.2833,-88.2667,80.96,63,76,10.04,MX,2022-02-16 23:07:10
524,Chiredzi,-21.05,31.6667,75.79,60,66,5.26,ZW,2022-02-16 23:07:10
525,Requena,39.4883,-1.1004,52.18,75,92,7.18,ES,2022-02-16 23:07:11
526,Milos,36.75,24.4333,54.32,72,100,13.27,GR,2022-02-16 23:07:11
527,Katherine,-14.4667,132.2667,82.72,74,36,4.61,AU,2022-02-16 23:07:12
528,San Cristobal,7.7669,-72.225,72.75,56,78,0.45,VE,2022-02-16 23:07:12
529,Mafeteng,-29.823,27.2374,57.99,76,11,2.95,LS,2022-02-16 23:07:12
530,Padang,-0.9492,100.3543,78.64,70,100,4.32,ID,2022-02-16 23:07:13
531,Neuruppin,52.9282,12.8031,54.01,86,100,26.35,DE,2022-02-16 23:02:32
532,Jaque,7.5175,-78.1703,81.32,79,74,9.95,PA,2022-02-16 23:07:13
533,Kapoeta,4.7717,33.5903,83.59,25,11,5.75,SS,2022-02-16 23:07:13
534,Sungaipenuh,-2.0833,101.3833,62.58,89,100,1.9,ID,2022-02-16 23:07:14
535,Miyang,24.4042,103.4428,47.14,96,14,3.44,CN,2022-02-16 23:07:14
536,Tonstad,58.6626,6.7169,37.35,86,86,11.27,NO,2022-02-16 23:07:15
537,Hidalgo,20.5,-99.0,76.69,24,2,7.07,MX,2022-02-16 23:07:15
538,Muisne,0.6,-80.0333,77.27,84,98,8.75,EC,2022-02-16 23:07:15
539,La Ronge,55.1001,-105.2842,-7.29,85,97,6.87,CA,2022-02-16 23:07:16
540,Kieta,-6.2167,155.6333,83.08,77,99,7.09,PG,2022-02-16 23:07:16
541,Presidencia Roque Saenz Pena,-26.7852,-60.4388,92.75,28,20,4.03,AR,2022-02-16 23:07:16
542,Dalkola,25.85,87.85,58.91,64,0,5.88,IN,2022-02-16 23:07:17
543,Lakes Entrance,-37.8811,147.981,65.57,92,100,9.24,AU,2022-02-16 23:07:17
544,Derzhavinsk,51.1,66.3167,15.66,94,99,13.31,KZ,2022-02-16 23:07:17
545,Grojec,51.8625,20.8676,48.22,75,100,25.08,PL,2022-02-16 23:07:18
546,Porto Velho,-8.7619,-63.9039,77.05,94,20,2.3,BR,2022-02-16 23:07:18
547,Gobabis,-22.45,18.9667,70.68,34,0,10.09,NA,2022-02-16 23:07:19
548,Baiyin,36.5583,104.2081,24.89,72,26,3.49,CN,2022-02-16 23:07:19
549,Salinopolis,-0.6136,-47.3561,78.19,85,77,6.13,BR,2022-02-16 23:07:19
550,Ahipara,-35.1667,173.1667,69.26,61,98,1.68,NZ,2022-02-16 23:07:20
551,Pangoa,-12.1167,-73.0,71.64,96,93,1.99,PE,2022-02-16 23:07:20
552,Mucurici,-18.0933,-40.5158,73.27,92,100,8.16,BR,2022-02-16 23:02:33
553,Tamuin,21.9833,-98.75,81.93,46,0,7.7,MX,2022-02-16 23:07:21
554,Veraval,20.9,70.3667,68.92,50,0,10.8,IN,2022-02-16 23:07:21
555,Chiria,22.3,85.2667,57.13,56,17,0.85,IN,2022-02-16 23:07:21
556,Anan,33.9167,134.65,31.26,55,21,23.42,JP,2022-02-16 23:08:22
557,Lavrentiya,65.5833,-171.0,-11.16,93,13,8.39,RU,2022-02-16 23:08:22
558,Kenora,49.8167,-94.4337,3.78,71,100,11.99,CA,2022-02-16 23:08:22
559,Kachiry,53.0675,76.1036,8.49,95,93,9.37,KZ,2022-02-16 23:08:23
560,Port Lincoln,-34.7333,135.8667,66.36,62,99,8.72,AU,2022-02-16 23:08:23
561,Bay Roberts,47.5999,-53.2648,15.33,66,23,5.99,CA,2022-02-16 23:08:24
562,Esil,51.9556,66.4042,9.66,97,97,9.48,KZ,2022-02-16 23:08:24
563,Shubarshi,48.5872,57.1869,12.85,100,100,4.09,KZ,2022-02-16 23:08:24
564,Brokopondo,4.75,-55.1667,75.56,88,82,8.81,SR,2022-02-16 23:08:25
565,Lyubech,51.7026,30.6569,33.06,96,81,12.15,UA,2022-02-16 23:08:25
566,Borodino,55.9106,94.8983,0.27,90,100,5.48,RU,2022-02-16 23:08:25
567,Bouna,9.2667,-3.0,78.75,15,30,1.59,CI,2022-02-16 23:08:26
568,Husavik,66.0449,-17.3389,30.11,81,100,7.43,IS,2022-02-16 23:08:26
569,Senanga,-16.1167,23.2667,69.28,83,92,4.07,ZM,2022-02-16 23:08:26
570,San Jeronimo,-11.9472,-75.2829,56.16,75,100,4.61,PE,2022-02-16 23:08:27
571,Guarapari,-20.6667,-40.4975,76.89,91,98,5.17,BR,2022-02-16 23:08:27
572,Luau,-10.7073,22.2247,62.47,98,100,2.86,AO,2022-02-16 23:04:16
573,Inhambane,-23.865,35.3833,76.33,87,2,7.25,MZ,2022-02-16 23:08:28
574,Izhma,65.0083,53.9113,27.64,95,99,8.63,RU,2022-02-16 23:08:28
575,Talavera De La Reina,39.9635,-4.8308,45.16,87,47,1.39,ES,2022-02-16 23:03:59
576,Norsup,-16.0667,167.3833,84.24,72,98,4.41,VU,2022-02-16 23:08:29
577,Callaguip,18.0714,120.4867,73.51,74,65,6.08,PH,2022-02-16 23:08:29
578,Komsomolskiy,40.4272,71.7189,32.72,86,100,4.61,UZ,2022-02-16 23:08:30
579,Ilam,26.9167,87.9167,49.53,81,61,4.36,NP,2022-02-16 23:08:30
580,Nishihara,26.1842,127.7558,54.68,88,100,13.8,JP,2022-02-16 23:08:30
